T;Tini;Tf;lambda_u;lambda_y;lambda_g;Q;R;solver;avg_opt_step_time;total_steps;mse
1000;150;150;10;500;1;100000.0;0;SCS;0.26712390397675334;100;3.1298674990374674e-05
1000;150;150;10;500;1;100000.0;0;CLARABEL;1.2272028522379697;100;3.1298675957014454e-05
1000;150;150;10;500;1;100000.0;0;OSQP;0.08237221919931471;100;3.129867593877702e-05
1000;150;150;10;500;1;100000.0;0;ECOS;16.302391064856202;100;3.133389877929274e-05
1000;150;150;10;500;1;100000.0;0;PIQP;1.2213075193855911;100;3.1298675874380616e-05
